Jugador,count
Luis Enrique Quiñones,2
Osvaldo Rodríguez del Portal,2
Alan Cervantes,2
Víctor Guzmán,2
Alan Medina,2
Diego Reyes,2
Emilio Lara,2
Uriel Antuna,2
Fidel Ambríz,2
Jhon Murillo,1
Santiago Muñóz,1
Alan Mozo,1
Omar Moreno,1
Iván Moreno,1
Iker Moreno,1
Luis Nájera,1
Héctor Moreno,1
Gonzalo Nápoli,1
Guillermo Muñoz,1
José Abella,1
Carlos Moreno,1
Luis Navarrete,1
Amaury Morales,1
Gilberto Mora,1
Adrián Mora,1
Elias Montiel,1
Alán Montes,1
Andres Montaño,1
Pablo Monroy,1
Ricardo Monreal,1
Fernando Monárrez,1
Kevin Mier,1
Andrés Micolta,1
Maximiliano Meza,1
Robert Morales,1
Santiago Núñez,1
Santiago Naveda,1
Hugo Nervo,1
Pavel Pérez,1
Jonathan Pérez,1
Sebastián Pérez Bouquet,1
Aldahir Perez,1
Federico Pereira,1
Pedro Pedraza,1
Paulinho,1
José Paradela,1
Agustín Palavecino,1
Jonathan Padilla,1
Jose Pachuca,1
Juan Pablo Vigón,1
Youssef Ortiz,1
Pablo Ortiz,1
Kevin Ortega,1
Haret Ortega,1
Carlos Orrantía,1
Ralph Orquin,1
Jesús Orozco,1
Efraín Orona,1
Santiago Ormeño,1
Sebastián Olmedo,1
Agustín Oliveros,1
Lucas Ocampos,1
Roberto Meraz,1
Lucas Merolla,1
Bruno Méndez,1
Jean Meneses,1
Mateo Klimowicz,1
Eder López,1
Cesar López,1
César López,1
Aldo López,1
Erik Lira,1
Igor Lichnovsky,1
Mateo Levy,1
Federico Lértora,1
Israel Larios,1
Mauro Laínez,1
Diego Lainez,1
Roberto de la Rosa,1
Sebastián Jurado,1
Stiven Mendoza,1
Heriberto Jurado,1
Ramón Juárez,1
José Juan Macías,1
Juan José Sánchez,1
Julio José González,1
José Joaquín Esquivel,1
Joaquim,1
Tahiel Jiménez,1
Ricardo Jiménez,1
Miguel Jiménez Ponce,1
Omar Israel Mendoza,1
Mauricio Isais,1
Edgar López,1
Rodrigo López,1
Victor Lopez,1
Vladimir Loroña,1
Yan Phillipe,1
Alex Mendez,1
Ángel Mena,1
Aaron Mejía Montoya,1
Stefan Medina,1
Diego Medina,1
Alejandro Mayorga,1
Emilio Martínez González,1
Gabriel Martínez,1
Guillermo Martínez Ayala,1
Henry Martín,1
Ángel Márquez,1
Salvador Mariscal,1
Ricardo Marín,1
Antonio María,1
Cristian Mares,1
Óscar Manzanarez,1
Lisandro Magallán,1
Fernando Madrigal,1
Waldo Madrid,1
Oscar Macías,1
José Luis Rodríguez,1
José Lozano,1
Esteban Lozano,1
Anthony Lozano,1
Jonathan Perlaza,1
Gonzalo Piovi,1
Cristiano Piccini,1
Nathan Silva,1
Román Torres,1
Óliver Torres,1
Jairo Torres,1
Alan Torres,1
Iván Tona,1
Eduardo Tercero,1
Juan Tejeda,1
Fernando Tapia,1
Leonardo Suárez,1
Samuel Sosa,1
Ramiro Sordo,1
Carlo Soldati,1
Jordan Sierra,1
Erick Sánchez,1
Jesús Serrato,1
Leonardo Sepulveda,1
Gilberto Sepúlveda,1
Ángel Sepúlveda,1
Francisco Sebastián Córdova,1
Sebastian Santos,1
Emilio Santillán,1
José Santiago Hernández,1
Anderson Santamaría,1
Raúl Sandoval,1
Richard Sánchez,1
Luis Sánchez,1
Santiago Trigos,1
Ezequiel Unsain,1
Héctor Uribe,1
Diego Valdés,1
José Zúñiga,1
Alejandro Zendejas,1
Edgar Zaldívar,1
Ángel Zaldívar,1
Édgar Yoel Bárcenas,1
Teun Wilke,1
Facundo Waller,1
Tiago Volpi,1
Vitinho,1
Isaías Violante,1
Dieter Villalpando,1
Fran Villalba,1
Jonatan Villal,1
Jesús Venegas,1
Kevin Velasco,1
Sebastián Vegas,1
Jesús Vega,1
Alexis Vega,1
Miguel Vázquez,1
Brayton Vázquez,1
Brandon Vazquez,1
William Vargas,1
Camilo Vargas,1
Diego Valoyes,1
Christian Valdivia,1
Jesús Sánchez García,1
Diego Sánchez,1
Jesús Piñuelas,1
Cristian Reyes,1
Ángel Robles,1
Ignacio Rivero,1
Christian Rivera,1
Ulises Rivas,1
Jesús Rivas,1
Víctor Ríos,1
Martín Río,1
Ángel Rico,1
Luis Ricardo Reyes,1
Emanuel Reynoso,1
Salvador Reyes,1
Israel Reyes,1
Luis Rey,1
Carlos Sánchez,1
José Rangel Aguilar,1
Paulo Ramírez,1
Miguel Ramírez,1
Héctor Ramírez,1
Piero Quispe,1
Ignacio Pussetto,1
Luis Puente,1
Ronaldo Prieto,1
Ayrton Preciado,1
Rodolfo Pizarro,1
Guido Pizarro,1
Oussama Idrissi,1
Juan Robles,1
Aldo Rocha,1
Brian Rodríguez,1
Charly Rodríguez,1
Andrés Sánchez,1
Juan Sanabria,1
Sebastien Salles-Lamonge,1
José Saldívar,1
Carlos Salcedo,1
Patricio Salas,1
Jorge Ruvalcaba,1
Franco Russo,1
Marcel Ruiz,1
Brian Rubio,1
Rubio Rubin,1
Fernando Rubén González,1
Carlos Rotondi,1
Franco Rossano,1
Kevin Rosero,1
Bryan Roque,1
Salomón Rondón,1
Luis Romo,1
Johan Rojas,1
Salvador Rodríguez,1
Michell Rodríguez,1
Lucas Rodríguez,1
Jorge Rodríguez,1
Jesús Rodríguez,1
David Rodriguez,1
Hugo Isaác Rodríguez,1
Rodrigo Huescas,1
Nicolás Ibáñez,1
Antonio Briseño,1
Diego Campillo,1
Diber Cambindo,1
Raúl Camacho,1
Francisco Calvo,1
Cristian Calderón,1
José Caicedo,1
Jhonder Cádiz,1
Sebastián Cáceres,1
Luciano Cabral,1
Gustavo Cabral,1
Juan Brunetta,1
Isaác Brizuela,1
Cristian Borja,1
Borja Bastón,1
Léo Bonatini,1
Franck Boli,1
Domingo Blanco,1
Alfonso Blanco Antúnez,1
Unai Bilbao,1
Germán Berterame,1
Jorge Berlanga,1
Pablo Bennevendo Peña,1
Darío Benedetto,1
Nicolás Benedetti,1
Fernando Beltrán,1
Paul Bellón,1
Sergio Canales,1
Camilo Cándido,1
Luis Cárdenas,1
Rafael Carioca,1
Cade Cowell,1
Rodolfo Cota,1
Jordi Cortizo,1
Rogelio Cortéz Pineda,1
José Corona,1
Joe Corona,1
Jesús Corona,1
Francisco Contreras,1
Bryan Colula,1
Josué Colmán,1
Ronaldo Cisneros,1
Ricardo Chávez Soto,1
Mateo Chávez,1
Luís Cervantes,1
Lucas Cavallini,1
Manuel Castro,1
Raúl Castillo,1
José Castillo Pérez,1
Moises Castillo,1
Klever Castillo,1
Kevin Castañeda,1
Guilherme Carvalho,1
Stephano Carrillo,1
Jordan Carrillo,1
Héctor Carranza,1
Alán Bautista,1
Abraham Bass,1
Jürgen Damm,1
AlessandroTagle,1
Jaime Alvarez,1
Gael Álvarez,1
Efrain Alvarez,1
Daniel Álvarez,1
Antonio Álvarez,1
Ventura Alvarado,1
Roberto Alvarado,1
Alfonso Alvarado,1
Carlos Alonso Vargas,1
Facundo Almada,1
Guillermo Allison,1
Luis Alfonso Rodríguez,1
Jordy Alcivar,1
Sergio Barreto,1
Jesús Alcantar,1
Gil Alcalá,1
Jesús Alberto Angulo,1
Arnaud Ake,1
Jorge Agustín Rodríguez,1
Rodrigo Aguirre,1
Gaddi Aguirre,1
Érick Aguirre,1
Eduardo Aguirre,1
Eduardo Águila,1
Sergio Aguayo,1
Daniel Aceves,1
Kevin Álvarez,1
Luis Amarilla,1
Frankie Amaya,1
Bruno Amione,1
Pablo Barrera,1
Jaine Barreiro,1
Diego Barbosa,1
Víctor Barajas,1
Fidel Barajas,1
Kevin Balanta,1
Claudio Baeza,1
Tomás Badaloni,1
Ettson Ayon,1
Ali Ávila,1
Víctor Arteaga,1
Gerardo Arteaga,1
Ramiro Árciga,1
Fernando Arce Jr.,1
Néstor Araujo,1
Maximiliano Araújo,1
Diego Araujo,1
Pedro Aquino,1
Javier Aquino,1
José Antonio Rodríguez,1
Jesús Angulo,1
Brayan Angulo,1
Luis Ángel Malagón,1
Alejandro Andrade,1
Esteban Andrada,1
Aldo Cruz,1
José David Ramírez,1
Avilés Hurtado,1
Faber Gil,1
Jair González,1
Carlos González Espínola,1
Hugo González Durán,1
Pablo González Díaz,1
Bryan González,1
Armando González,1
Alfonso González,1
Jaime Gómez Valencia,1
Luis Gómez,1
Emiliano Gómez,1
Diego Gómez,1
Alejandro Gómez,1
André-Pierre Gignac,1
Aitor García,1
Giorgos Giakoumakis,1
Jesús Garza,1
César Garza,1
Bryan Garnica,1
Mateo García,1
Luis García,1
Luan Garcia,1
José García,1
Jorge García,1
Gael García,1
Denzell García,1
Brian García,1
Jonathan González,1
Owen González,1
Fernando Gorriarán,1
Ismael Govea,1
Carlos Acevedo,1
César Huerta,1
Héctor Holguín,1
Ozziel Herrera,1
Alberto Herrera,1
Sebastián Hernández,1
Pedro Hernández,1
Jesús Hernández,1
Javier Hernández,1
Illian Hernandez,1
Diego Hernández,1
Helinho,1
Nahuel Guzmán,1
Ricardo Gutiérrez,1
Erick Gutiérrez,1
Edson Gutiérrez,1
Luis Gutiérrez Castellanos,1
Alexis Gutiérrez,1
Emanuel Gularte,1
Daniel Guillén,1
Carlos Guillen,1
Edgar Guerra,1
Javier Güemez,1
Andrés Guardado,1
Omar Govea,1
Amaury García,1
Bryan Gamboa,1
Víctor Dávila,1
Joel Domínguez,1
Edson,1
Emmanuel Echeverría,1
Rafael Durán,1
Rubén Duarte,1
Anderson Duarte,1
Rodrigo Dourado,1
Jonathan dos Santos,1
Dória,1
Misael Domínguez,1
Julio Domínguez,1
Juan Domínguez,1
Jose Domínguez,1
Idekel Domínguez,1
Jesús Gallardo,1
Alexei Dominguez,1
Willer Ditta,1
Javairô Dilrosun,1
Jair Díaz,1
Nicolás Díaz Huincales,1
Benny Díaz,1
Nelson Deossa,1
Arturo Delgado,1
Everardo Del Villar,1
Gustavo Del Prete,1
Sergio De los Ríos,1
Diego De Buen,1
José Eduardo Castillo,1
Javier Eduardo López,1
Jorge Eduardo Sánchez,1
Francisco Eduardo Venegas,1
Benjamín Galdames,1
Rogelio Funes Mori,1
Raymundo Fulgencio,1
Adonis Frías,1
Ramiro Franco,1
Alexis Francisco Peña,1
Marcelo Flores,1
Leonardo Flores,1
Iker Fimbres,1
Álvaro Fidalgo,1
Gustavo Ferrareis,1
Rafael Fernández,1
Gabriel Fernández,1
Carlos Felipe Rodríguez,1
Lorenzo Faravelli,1
Franco Fagúndez,1
José Eulogio,1
Oscar Estupiñan,1
Ángel Estrada,1
Luis Espinoza,1
Dagoberto Espinoza,1
Alonso Escoboza,1
Kevin Escamilla,1
Carlos Ernesto Cisneros,1
Robert Ergas,1
Uroš Đurđević,1
